2621_0consoleLog.txt,TRUE,,TRUE,FALSE,
2622_0consoleLog.txt,TRUE,,535,322,857
2623_0consoleLog.txt,TRUE,,,,
2624_0consoleLog.txt,TRUE,,,,
2625_0consoleLog.txt,TRUE,,,,
2626_0consoleLog.txt,TRUE,,,,
2627_0consoleLog.txt,TRUE,,,,
2628_0consoleLog.txt,TRUE,,,,
2629_0consoleLog.txt,TRUE,,,,
2630_0consoleLog.txt,TRUE,,,,
2631_0consoleLog.txt,TRUE,,,,
2632_0consoleLog.txt,TRUE,,,,
2633_0consoleLog.txt,TRUE,,,,
2634_0consoleLog.txt,TRUE,,,,
2635_0consoleLog.txt,TRUE,,,,
2636_0consoleLog.txt,TRUE,,,,
2637_0consoleLog.txt,TRUE,,,,
2638_0consoleLog.txt,TRUE,,,,
2639_0consoleLog.txt,TRUE,,,,
2640_0consoleLog.txt,TRUE,,,,
2641_0consoleLog.txt,TRUE,,,,
2642_0consoleLog.txt,TRUE,,,,
2643_0consoleLog.txt,TRUE,,,,
2644_0consoleLog.txt,TRUE,,,,
2645_0consoleLog.txt,TRUE,,,,
2646_0consoleLog.txt,TRUE,,,,
2648_0consoleLog.txt,TRUE,,,,
2649_0consoleLog.txt,TRUE,,,,
2650_0consoleLog.txt,TRUE,,,,
2651_0consoleLog.txt,TRUE,,,,
2653_0consoleLog.txt,FALSE,,,,
2654_0consoleLog.txt,TRUE,,,,
2655_0consoleLog.txt,FALSE,,,,
2656_0consoleLog.txt,TRUE,,,,
2657_0consoleLog.txt,FALSE,,,,
2658_0consoleLog.txt,TRUE,,,,
2659_0consoleLog.txt,TRUE,,,,
2660_0consoleLog.txt,FALSE,,,,
2661_0consoleLog.txt,FALSE,,,,
2662_0consoleLog.txt,FALSE,,,,
2663_0consoleLog.txt,TRUE,,,,
2664_0consoleLog.txt,FALSE,,,,
2665_0consoleLog.txt,TRUE,,,,
2666_0consoleLog.txt,FALSE,,,,
2668_0consoleLog.txt,TRUE,,,,
2669_0consoleLog.txt,TRUE,,,,
2670_0consoleLog.txt,TRUE,,,,
2671_0consoleLog.txt,TRUE,,,,
2672_0consoleLog.txt,TRUE,,,,
2673_0consoleLog.txt,TRUE,,,,
2674_0consoleLog.txt,TRUE,,,,
2675_0consoleLog.txt,TRUE,,,,
2676_0consoleLog.txt,TRUE,,,,
2677_0consoleLog.txt,TRUE,,,,
2678_0consoleLog.txt,TRUE,,,,
2679_0consoleLog.txt,TRUE,,,,
2680_0consoleLog.txt,TRUE,,,,
2681_0consoleLog.txt,TRUE,,,,
2682_0consoleLog.txt,TRUE,,,,
2683_0consoleLog.txt,TRUE,,,,
2684_0consoleLog.txt,TRUE,,,,
2685_0consoleLog.txt,TRUE,,,,
2686_0consoleLog.txt,TRUE,,,,
2687_0consoleLog.txt,TRUE,,,,
2688_0consoleLog.txt,TRUE,,,,
2689_0consoleLog.txt,TRUE,,,,
2690_0consoleLog.txt,TRUE,,,,
2691_0consoleLog.txt,TRUE,,,,
2692_0consoleLog.txt,TRUE,,,,
2693_0consoleLog.txt,TRUE,,,,
2694_0consoleLog.txt,TRUE,,,,
2695_0consoleLog.txt,TRUE,,,,
2696_0consoleLog.txt,TRUE,,,,
2697_0consoleLog.txt,TRUE,,,,
2698_0consoleLog.txt,TRUE,,,,
2700_0consoleLog.txt,TRUE,,,,
2701_0consoleLog.txt,TRUE,,,,
2702_0consoleLog.txt,TRUE,,,,
2703_0consoleLog.txt,TRUE,,,,
2704_0consoleLog.txt,TRUE,,,,
2705_0consoleLog.txt,TRUE,,,,
2707_0consoleLog.txt,TRUE,,,,
2708_0consoleLog.txt,TRUE,,,,
2709_0consoleLog.txt,TRUE,,,,
2710_0consoleLog.txt,TRUE,,,,
2711_0consoleLog.txt,TRUE,,,,
2712_0consoleLog.txt,TRUE,,,,
2713_0consoleLog.txt,TRUE,,,,
2714_0consoleLog.txt,TRUE,,,,
2715_0consoleLog.txt,TRUE,,,,
2716_0consoleLog.txt,TRUE,,,,
2717_0consoleLog.txt,TRUE,,,,
2718_0consoleLog.txt,TRUE,,,,
2719_0consoleLog.txt,TRUE,,,,
2720_0consoleLog.txt,TRUE,,,,
2721_0consoleLog.txt,TRUE,,,,
2722_0consoleLog.txt,TRUE,,,,
2723_0consoleLog.txt,TRUE,,,,
2724_0consoleLog.txt,TRUE,,,,
2725_0consoleLog.txt,TRUE,,,,
2726_0consoleLog.txt,TRUE,,,,
2727_0consoleLog.txt,TRUE,,,,
2728_0consoleLog.txt,TRUE,,,,
2729_0consoleLog.txt,TRUE,,,,
2730_0consoleLog.txt,TRUE,,,,
2731_0consoleLog.txt,TRUE,,,,
2732_0consoleLog.txt,TRUE,,,,
2733_0consoleLog.txt,TRUE,,,,
2734_0consoleLog.txt,TRUE,,,,
2735_0consoleLog.txt,TRUE,,,,
2736_0consoleLog.txt,TRUE,,,,
2737_0consoleLog.txt,TRUE,,,,
2738_0consoleLog.txt,TRUE,,,,
2739_0consoleLog.txt,TRUE,,,,
2740_0consoleLog.txt,TRUE,,,,
2741_0consoleLog.txt,TRUE,,,,
2742_0consoleLog.txt,TRUE,,,,
2743_0consoleLog.txt,TRUE,,,,
2744_0consoleLog.txt,TRUE,,,,
2745_0consoleLog.txt,TRUE,,,,
2746_0consoleLog.txt,TRUE,,,,
2749_0consoleLog.txt,TRUE,,,,
2750_0consoleLog.txt,FALSE,,,,
2751_0consoleLog.txt,FALSE,,,,
2752_0consoleLog.txt,TRUE,,,,
2753_0consoleLog.txt,FALSE,,,,
2754_0consoleLog.txt,FALSE,,,,
2755_0consoleLog.txt,FALSE,,,,
2756_0consoleLog.txt,FALSE,,,,
2757_0consoleLog.txt,FALSE,,,,
2758_0consoleLog.txt,FALSE,,,,
2759_0consoleLog.txt,FALSE,,,,
2760_0consoleLog.txt,FALSE,,,,
2761_0consoleLog.txt,FALSE,,,,
2762_0consoleLog.txt,FALSE,,,,
2763_0consoleLog.txt,TRUE,,,,
2764_0consoleLog.txt,FALSE,,,,
2765_0consoleLog.txt,FALSE,,,,
2766_0consoleLog.txt,TRUE,,,,
2768_0consoleLog.txt,TRUE,,,,
2769_0consoleLog.txt,FALSE,,,,
2770_0consoleLog.txt,TRUE,,,,
2771_0consoleLog.txt,TRUE,,,,
2772_0consoleLog.txt,TRUE,,,,
2773_0consoleLog.txt,TRUE,,,,
2774_0consoleLog.txt,TRUE,,,,
2775_0consoleLog.txt,TRUE,,,,
2776_0consoleLog.txt,TRUE,,,,
2777_0consoleLog.txt,TRUE,,,,
2778_0consoleLog.txt,TRUE,,,,
2779_0consoleLog.txt,FALSE,,,,
2780_0consoleLog.txt,FALSE,,,,
2781_0consoleLog.txt,TRUE,,,,
2782_0consoleLog.txt,FALSE,,,,
2783_0consoleLog.txt,FALSE,,,,
2784_0consoleLog.txt,FALSE,,,,
2785_0consoleLog.txt,FALSE,,,,
2786_0consoleLog.txt,FALSE,,,,
2787_0consoleLog.txt,FALSE,,,,
2788_0consoleLog.txt,FALSE,,,,
2789_0consoleLog.txt,FALSE,,,,
2790_0consoleLog.txt,FALSE,,,,
2791_0consoleLog.txt,FALSE,,,,
2792_0consoleLog.txt,TRUE,,,,
2793_0consoleLog.txt,TRUE,,,,
2794_0consoleLog.txt,FALSE,,,,
2795_0consoleLog.txt,FALSE,,,,
2796_0consoleLog.txt,TRUE,,,,
2797_0consoleLog.txt,TRUE,,,,
2798_0consoleLog.txt,TRUE,,,,
2799_0consoleLog.txt,FALSE,,,,
2800_0consoleLog.txt,FALSE,,,,
2801_0consoleLog.txt,FALSE,,,,
2802_0consoleLog.txt,TRUE,,,,
2803_0consoleLog.txt,TRUE,,,,
2804_0consoleLog.txt,FALSE,,,,
2805_0consoleLog.txt,TRUE,,,,
2806_0consoleLog.txt,TRUE,,,,
2807_0consoleLog.txt,TRUE,,,,
2808_0consoleLog.txt,FALSE,,,,
2809_0consoleLog.txt,TRUE,,,,
2810_0consoleLog.txt,FALSE,,,,
2811_0consoleLog.txt,FALSE,,,,
2812_0consoleLog.txt,FALSE,,,,
2813_0consoleLog.txt,FALSE,,,,
2814_0consoleLog.txt,TRUE,,,,
2815_0consoleLog.txt,FALSE,,,,
2816_0consoleLog.txt,TRUE,,,,
2817_0consoleLog.txt,TRUE,,,,
2818_0consoleLog.txt,FALSE,,,,
2819_0consoleLog.txt,TRUE,,,,
2820_0consoleLog.txt,FALSE,,,,
2822_0consoleLog.txt,TRUE,,,,
2823_0consoleLog.txt,TRUE,,,,
2824_0consoleLog.txt,TRUE,,,,
2825_0consoleLog.txt,FALSE,,,,
2826_0consoleLog.txt,FALSE,,,,
2827_0consoleLog.txt,FALSE,,,,
2828_0consoleLog.txt,FALSE,,,,
2829_0consoleLog.txt,FALSE,,,,
2830_0consoleLog.txt,TRUE,,,,
2831_0consoleLog.txt,TRUE,,,,
2832_0consoleLog.txt,TRUE,,,,
2833_0consoleLog.txt,TRUE,,,,
2834_0consoleLog.txt,TRUE,,,,
2835_0consoleLog.txt,TRUE,,,,
2836_0consoleLog.txt,TRUE,,,,
2837_0consoleLog.txt,TRUE,,,,
2838_0consoleLog.txt,TRUE,,,,
2839_0consoleLog.txt,TRUE,,,,
2840_0consoleLog.txt,FALSE,,,,
2841_0consoleLog.txt,FALSE,,,,
2842_0consoleLog.txt,FALSE,,,,
2843_0consoleLog.txt,FALSE,,,,
2844_0consoleLog.txt,FALSE,,,,
2845_0consoleLog.txt,FALSE,,,,
2846_0consoleLog.txt,TRUE,,,,
2847_0consoleLog.txt,FALSE,,,,
2848_0consoleLog.txt,FALSE,,,,
2849_0consoleLog.txt,FALSE,,,,
2850_0consoleLog.txt,FALSE,,,,
2851_0consoleLog.txt,FALSE,,,,
2852_0consoleLog.txt,FALSE,,,,
2853_0consoleLog.txt,TRUE,,,,
2854_0consoleLog.txt,TRUE,,,,
2855_0consoleLog.txt,TRUE,,,,
2856_0consoleLog.txt,FALSE,,,,
2857_0consoleLog.txt,TRUE,,,,
2858_0consoleLog.txt,TRUE,,,,
2859_0consoleLog.txt,TRUE,,,,
2861_0consoleLog.txt,FALSE,,,,
2862_0consoleLog.txt,TRUE,,,,
2863_0consoleLog.txt,TRUE,,,,
2864_0consoleLog.txt,TRUE,,,,
2865_0consoleLog.txt,TRUE,,,,
2866_0consoleLog.txt,TRUE,,,,
2867_0consoleLog.txt,FALSE,,,,
2868_0consoleLog.txt,TRUE,,,,
2869_0consoleLog.txt,FALSE,,,,
2870_0consoleLog.txt,FALSE,,,,
2871_0consoleLog.txt,FALSE,,,,
2872_0consoleLog.txt,TRUE,,,,
2873_0consoleLog.txt,FALSE,,,,
2874_0consoleLog.txt,TRUE,,,,
2875_0consoleLog.txt,TRUE,,,,
2876_0consoleLog.txt,TRUE,,,,
2877_0consoleLog.txt,FALSE,,,,
2878_0consoleLog.txt,TRUE,,,,
2879_0consoleLog.txt,TRUE,,,,
2880_0consoleLog.txt,TRUE,,,,
2881_0consoleLog.txt,FALSE,,,,
2882_0consoleLog.txt,TRUE,,,,
2883_0consoleLog.txt,TRUE,,,,
2884_0consoleLog.txt,TRUE,,,,
2885_0consoleLog.txt,TRUE,,,,
2886_0consoleLog.txt,TRUE,,,,
2887_0consoleLog.txt,FALSE,,,,
2888_0consoleLog.txt,FALSE,,,,
2889_0consoleLog.txt,FALSE,,,,
2890_0consoleLog.txt,TRUE,,,,
2891_0consoleLog.txt,FALSE,,,,
2892_0consoleLog.txt,TRUE,,,,
2893_0consoleLog.txt,FALSE,,,,
2894_0consoleLog.txt,FALSE,,,,
2895_0consoleLog.txt,FALSE,,,,
2896_0consoleLog.txt,TRUE,,,,
2898_0consoleLog.txt,FALSE,,,,
2899_0consoleLog.txt,TRUE,,,,
2900_0consoleLog.txt,FALSE,,,,
2901_0consoleLog.txt,FALSE,,,,
2902_0consoleLog.txt,FALSE,,,,
2903_0consoleLog.txt,FALSE,,,,
2904_0consoleLog.txt,TRUE,,,,
2905_0consoleLog.txt,FALSE,,,,
2906_0consoleLog.txt,FALSE,,,,
2907_0consoleLog.txt,TRUE,,,,
2908_0consoleLog.txt,FALSE,,,,
2909_0consoleLog.txt,FALSE,,,,
2910_0consoleLog.txt,FALSE,,,,
2911_0consoleLog.txt,TRUE,,,,
2912_0consoleLog.txt,FALSE,,,,
2913_0consoleLog.txt,TRUE,,,,
2915_0consoleLog.txt,TRUE,,,,
2916_0consoleLog.txt,TRUE,,,,
2917_0consoleLog.txt,TRUE,,,,
2919_0consoleLog.txt,TRUE,,,,
2920_0consoleLog.txt,TRUE,,,,
2921_0consoleLog.txt,TRUE,,,,
2922_0consoleLog.txt,TRUE,,,,
2923_0consoleLog.txt,TRUE,,,,
2924_0consoleLog.txt,TRUE,,,,
2925_0consoleLog.txt,TRUE,,,,
2926_0consoleLog.txt,TRUE,,,,
2927_0consoleLog.txt,TRUE,,,,
2928_0consoleLog.txt,FALSE,,,,
2929_0consoleLog.txt,FALSE,,,,
2930_0consoleLog.txt,TRUE,,,,
2931_0consoleLog.txt,TRUE,,,,
2932_0consoleLog.txt,TRUE,,,,
2933_0consoleLog.txt,FALSE,,,,
2934_0consoleLog.txt,FALSE,,,,
2935_0consoleLog.txt,TRUE,,,,
2936_0consoleLog.txt,TRUE,,,,
2937_0consoleLog.txt,FALSE,,,,
2938_0consoleLog.txt,FALSE,,,,
2939_0consoleLog.txt,TRUE,,,,
2940_0consoleLog.txt,TRUE,,,,
2941_0consoleLog.txt,TRUE,,,,
2943_0consoleLog.txt,FALSE,,,,
2944_0consoleLog.txt,TRUE,,,,
2945_0consoleLog.txt,TRUE,,,,
2946_0consoleLog.txt,TRUE,,,,
2947_0consoleLog.txt,TRUE,,,,
2948_0consoleLog.txt,TRUE,,,,
2949_0consoleLog.txt,TRUE,,,,
2951_0consoleLog.txt,FALSE,,,,
2952_0consoleLog.txt,TRUE,,,,
2953_0consoleLog.txt,TRUE,,,,
2954_0consoleLog.txt,TRUE,,,,
2955_0consoleLog.txt,TRUE,,,,
2957_0consoleLog.txt,FALSE,,,,
2958_0consoleLog.txt,FALSE,,,,
2959_0consoleLog.txt,FALSE,,,,
2960_0consoleLog.txt,FALSE,,,,
2961_0consoleLog.txt,FALSE,,,,
2962_0consoleLog.txt,FALSE,,,,
2963_0consoleLog.txt,FALSE,,,,
2964_0consoleLog.txt,TRUE,,,,
2965_0consoleLog.txt,FALSE,,,,
2966_0consoleLog.txt,FALSE,,,,
2967_0consoleLog.txt,FALSE,,,,
2968_0consoleLog.txt,FALSE,,,,
2969_0consoleLog.txt,FALSE,,,,
2970_0consoleLog.txt,FALSE,,,,
2971_0consoleLog.txt,FALSE,,,,
2972_0consoleLog.txt,TRUE,,,,
2973_0consoleLog.txt,TRUE,,,,
2974_0consoleLog.txt,FALSE,,,,
2975_0consoleLog.txt,FALSE,,,,
2976_0consoleLog.txt,FALSE,,,,
2977_0consoleLog.txt,FALSE,,,,
2978_0consoleLog.txt,FALSE,,,,
2979_0consoleLog.txt,FALSE,,,,
2980_0consoleLog.txt,FALSE,,,,
2981_0consoleLog.txt,FALSE,,,,
2982_0consoleLog.txt,FALSE,,,,
2983_0consoleLog.txt,FALSE,,,,
2984_0consoleLog.txt,TRUE,,,,
2986_0consoleLog.txt,TRUE,,,,
2987_0consoleLog.txt,FALSE,,,,
2990_0consoleLog.txt,FALSE,,,,
2991_0consoleLog.txt,FALSE,,,,
2992_0consoleLog.txt,FALSE,,,,
2993_0consoleLog.txt,FALSE,,,,
2994_0consoleLog.txt,FALSE,,,,
2995_0consoleLog.txt,TRUE,,,,
2996_0consoleLog.txt,FALSE,,,,
2997_0consoleLog.txt,TRUE,,,,
2998_0consoleLog.txt,FALSE,,,,
2999_0consoleLog.txt,FALSE,,,,
3000_0consoleLog.txt,TRUE,,,,
3002_0consoleLog.txt,TRUE,,,,
3003_0consoleLog.txt,FALSE,,,,
3004_0consoleLog.txt,TRUE,,,,
3006_0consoleLog.txt,FALSE,,,,
3007_0consoleLog.txt,FALSE,,,,
3008_0consoleLog.txt,FALSE,,,,
3009_0consoleLog.txt,TRUE,,,,
3010_0consoleLog.txt,TRUE,,,,
3011_0consoleLog.txt,TRUE,,,,
3012_0consoleLog.txt,FALSE,,,,
3013_0consoleLog.txt,TRUE,,,,
3014_0consoleLog.txt,TRUE,,,,
3015_0consoleLog.txt,TRUE,,,,
3016_0consoleLog.txt,TRUE,,,,
3017_0consoleLog.txt,TRUE,,,,
3018_0consoleLog.txt,TRUE,,,,
3019_0consoleLog.txt,TRUE,,,,
3020_0consoleLog.txt,TRUE,,,,
3021_0consoleLog.txt,TRUE,,,,
3022_0consoleLog.txt,TRUE,,,,
3023_0consoleLog.txt,TRUE,,,,
3024_0consoleLog.txt,TRUE,,,,
3025_0consoleLog.txt,TRUE,,,,
3026_0consoleLog.txt,TRUE,,,,
3027_0consoleLog.txt,TRUE,,,,
3028_0consoleLog.txt,TRUE,,,,
3029_0consoleLog.txt,TRUE,,,,
3030_0consoleLog.txt,FALSE,,,,
3031_0consoleLog.txt,TRUE,,,,
3032_0consoleLog.txt,TRUE,,,,
3033_0consoleLog.txt,TRUE,,,,
3034_0consoleLog.txt,TRUE,,,,
3035_0consoleLog.txt,TRUE,,,,
3036_0consoleLog.txt,TRUE,,,,
3037_0consoleLog.txt,TRUE,,,,
3038_0consoleLog.txt,TRUE,,,,
3039_0consoleLog.txt,TRUE,,,,
3040_0consoleLog.txt,TRUE,,,,
3041_0consoleLog.txt,FALSE,,,,
3042_0consoleLog.txt,TRUE,,,,
3043_0consoleLog.txt,FALSE,,,,
3044_0consoleLog.txt,FALSE,,,,
3045_0consoleLog.txt,FALSE,,,,
3046_0consoleLog.txt,FALSE,,,,
3047_0consoleLog.txt,TRUE,,,,
3048_0consoleLog.txt,FALSE,,,,
3049_0consoleLog.txt,FALSE,,,,
3050_0consoleLog.txt,TRUE,,,,
3051_0consoleLog.txt,TRUE,,,,
3052_0consoleLog.txt,FALSE,,,,
3053_0consoleLog.txt,TRUE,,,,
3054_0consoleLog.txt,TRUE,,,,
3055_0consoleLog.txt,FALSE,,,,
3056_0consoleLog.txt,FALSE,,,,
3057_0consoleLog.txt,FALSE,,,,
3058_0consoleLog.txt,TRUE,,,,
3059_0consoleLog.txt,TRUE,,,,
3060_0consoleLog.txt,FALSE,,,,
3061_0consoleLog.txt,FALSE,,,,
3062_0consoleLog.txt,FALSE,,,,
3063_0consoleLog.txt,FALSE,,,,
3064_0consoleLog.txt,TRUE,,,,
3065_0consoleLog.txt,TRUE,,,,
3066_0consoleLog.txt,TRUE,,,,
3067_0consoleLog.txt,FALSE,,,,
3068_0consoleLog.txt,TRUE,,,,
3069_0consoleLog.txt,TRUE,,,,
3070_0consoleLog.txt,FALSE,,,,
3071_0consoleLog.txt,TRUE,,,,
3072_0consoleLog.txt,FALSE,,,,
3073_0consoleLog.txt,FALSE,,,,
3074_0consoleLog.txt,FALSE,,,,
3075_0consoleLog.txt,TRUE,,,,
3076_0consoleLog.txt,TRUE,,,,
3078_0consoleLog.txt,FALSE,,,,
3079_0consoleLog.txt,TRUE,,,,
3080_0consoleLog.txt,TRUE,,,,
3081_0consoleLog.txt,TRUE,,,,
3082_0consoleLog.txt,TRUE,,,,
3083_0consoleLog.txt,FALSE,,,,
3084_0consoleLog.txt,TRUE,,,,
3085_0consoleLog.txt,TRUE,,,,
3086_0consoleLog.txt,TRUE,,,,
3087_0consoleLog.txt,TRUE,,,,
3088_0consoleLog.txt,TRUE,,,,
3089_0consoleLog.txt,FALSE,,,,
3090_0consoleLog.txt,FALSE,,,,
3091_0consoleLog.txt,TRUE,,,,
3092_0consoleLog.txt,TRUE,,,,
3093_0consoleLog.txt,FALSE,,,,
3094_0consoleLog.txt,TRUE,,,,
3095_0consoleLog.txt,FALSE,,,,
3096_0consoleLog.txt,TRUE,,,,
3097_0consoleLog.txt,TRUE,,,,
3098_0consoleLog.txt,TRUE,,,,
3099_0consoleLog.txt,FALSE,,,,
3100_0consoleLog.txt,TRUE,,,,
3101_0consoleLog.txt,TRUE,,,,
3102_0consoleLog.txt,TRUE,,,,
3103_0consoleLog.txt,TRUE,,,,
3104_0consoleLog.txt,TRUE,,,,
3105_0consoleLog.txt,TRUE,,,,
3107_0consoleLog.txt,TRUE,,,,
3108_0consoleLog.txt,TRUE,,,,
3109_0consoleLog.txt,TRUE,,,,
3110_0consoleLog.txt,TRUE,,,,
3111_0consoleLog.txt,TRUE,,,,
3112_0consoleLog.txt,FALSE,,,,
3113_0consoleLog.txt,TRUE,,,,
3114_0consoleLog.txt,FALSE,,,,
3115_0consoleLog.txt,TRUE,,,,
3116_0consoleLog.txt,FALSE,,,,
3117_0consoleLog.txt,FALSE,,,,
3118_0consoleLog.txt,FALSE,,,,
3119_0consoleLog.txt,FALSE,,,,
3120_0consoleLog.txt,TRUE,,,,
3121_0consoleLog.txt,FALSE,,,,
3122_0consoleLog.txt,FALSE,,,,
3123_0consoleLog.txt,FALSE,,,,
3124_0consoleLog.txt,FALSE,,,,
3125_0consoleLog.txt,FALSE,,,,
3126_0consoleLog.txt,TRUE,,,,
3127_0consoleLog.txt,FALSE,,,,
3129_0consoleLog.txt,TRUE,,,,
3130_0consoleLog.txt,TRUE,,,,
3131_0consoleLog.txt,FALSE,,,,
3132_0consoleLog.txt,FALSE,,,,
3133_0consoleLog.txt,FALSE,,,,
3134_0consoleLog.txt,TRUE,,,,
3135_0consoleLog.txt,TRUE,,,,
3136_0consoleLog.txt,TRUE,,,,
3137_0consoleLog.txt,TRUE,,,,
3138_0consoleLog.txt,TRUE,,,,
3139_0consoleLog.txt,FALSE,,,,
3140_0consoleLog.txt,FALSE,,,,
3141_0consoleLog.txt,FALSE,,,,
3142_0consoleLog.txt,FALSE,,,,
3143_0consoleLog.txt,FALSE,,,,
3144_0consoleLog.txt,FALSE,,,,
3145_0consoleLog.txt,FALSE,,,,
3146_0consoleLog.txt,FALSE,,,,
3147_0consoleLog.txt,FALSE,,,,
3148_0consoleLog.txt,FALSE,,,,
3149_0consoleLog.txt,FALSE,,,,
3150_0consoleLog.txt,FALSE,,,,
3151_0consoleLog.txt,TRUE,,,,
3152_0consoleLog.txt,TRUE,,,,
3153_0consoleLog.txt,TRUE,,,,
3154_0consoleLog.txt,FALSE,,,,
3155_0consoleLog.txt,FALSE,,,,
3156_0consoleLog.txt,FALSE,,,,
3157_0consoleLog.txt,FALSE,,,,
3158_0consoleLog.txt,FALSE,,,,
3159_0consoleLog.txt,FALSE,,,,
3160_0consoleLog.txt,FALSE,,,,
3161_0consoleLog.txt,TRUE,,,,
3162_0consoleLog.txt,FALSE,,,,
3163_0consoleLog.txt,FALSE,,,,
3164_0consoleLog.txt,FALSE,,,,
3165_0consoleLog.txt,FALSE,,,,
3166_0consoleLog.txt,FALSE,,,,
3167_0consoleLog.txt,TRUE,,,,
3168_0consoleLog.txt,FALSE,,,,
3169_0consoleLog.txt,FALSE,,,,
3170_0consoleLog.txt,FALSE,,,,
3171_0consoleLog.txt,FALSE,,,,
3172_0consoleLog.txt,FALSE,,,,
3173_0consoleLog.txt,FALSE,,,,
3174_0consoleLog.txt,FALSE,,,,
3175_0consoleLog.txt,TRUE,,,,
3176_0consoleLog.txt,FALSE,,,,
3177_0consoleLog.txt,FALSE,,,,
3178_0consoleLog.txt,FALSE,,,,
3179_0consoleLog.txt,FALSE,,,,
3180_0consoleLog.txt,FALSE,,,,
3181_0consoleLog.txt,TRUE,,,,
3182_0consoleLog.txt,FALSE,,,,
3183_0consoleLog.txt,FALSE,,,,
3184_0consoleLog.txt,FALSE,,,,
3185_0consoleLog.txt,FALSE,,,,
3186_0consoleLog.txt,TRUE,,,,
3187_0consoleLog.txt,TRUE,,,,
3189_0consoleLog.txt,TRUE,,,,
3190_0consoleLog.txt,TRUE,,,,
3191_0consoleLog.txt,TRUE,,,,
3192_0consoleLog.txt,TRUE,,,,
3193_0consoleLog.txt,TRUE,,,,
3194_0consoleLog.txt,FALSE,,,,
3196_0consoleLog.txt,TRUE,,,,
3197_0consoleLog.txt,TRUE,,,,
3198_0consoleLog.txt,FALSE,,,,
3199_0consoleLog.txt,FALSE,,,,
3200_0consoleLog.txt,FALSE,,,,
3201_0consoleLog.txt,FALSE,,,,
3202_0consoleLog.txt,FALSE,,,,
3203_0consoleLog.txt,FALSE,,,,
3204_0consoleLog.txt,TRUE,,,,
3205_0consoleLog.txt,FALSE,,,,
3206_0consoleLog.txt,FALSE,,,,
3207_0consoleLog.txt,FALSE,,,,
3208_0consoleLog.txt,FALSE,,,,
3209_0consoleLog.txt,TRUE,,,,
3210_0consoleLog.txt,TRUE,,,,
3211_0consoleLog.txt,TRUE,,,,
3212_0consoleLog.txt,TRUE,,,,
3213_0consoleLog.txt,TRUE,,,,
3214_0consoleLog.txt,TRUE,,,,
3215_0consoleLog.txt,FALSE,,,,
3216_0consoleLog.txt,TRUE,,,,
3217_0consoleLog.txt,TRUE,,,,
3218_0consoleLog.txt,TRUE,,,,
3219_0consoleLog.txt,TRUE,,,,
3220_0consoleLog.txt,FALSE,,,,
3221_0consoleLog.txt,FALSE,,,,
3222_0consoleLog.txt,FALSE,,,,
3223_0consoleLog.txt,FALSE,,,,
3224_0consoleLog.txt,TRUE,,,,
3225_0consoleLog.txt,FALSE,,,,
3226_0consoleLog.txt,FALSE,,,,
3227_0consoleLog.txt,FALSE,,,,
3228_0consoleLog.txt,TRUE,,,,
3229_0consoleLog.txt,FALSE,,,,
3230_0consoleLog.txt,FALSE,,,,
3231_0consoleLog.txt,FALSE,,,,
3232_0consoleLog.txt,FALSE,,,,
3233_0consoleLog.txt,FALSE,,,,
3234_0consoleLog.txt,TRUE,,,,
3235_0consoleLog.txt,TRUE,,,,
3236_0consoleLog.txt,TRUE,,,,
3237_0consoleLog.txt,TRUE,,,,
3238_0consoleLog.txt,TRUE,,,,
3239_0consoleLog.txt,TRUE,,,,
3240_0consoleLog.txt,TRUE,,,,
3241_0consoleLog.txt,TRUE,,,,
3242_0consoleLog.txt,TRUE,,,,
3243_0consoleLog.txt,TRUE,,,,
3244_0consoleLog.txt,TRUE,,,,
3245_0consoleLog.txt,TRUE,,,,
3246_0consoleLog.txt,TRUE,,,,
3247_0consoleLog.txt,TRUE,,,,
3248_0consoleLog.txt,TRUE,,,,
3249_0consoleLog.txt,TRUE,,,,
3250_0consoleLog.txt,TRUE,,,,
3251_0consoleLog.txt,FALSE,,,,
3252_0consoleLog.txt,TRUE,,,,
3253_0consoleLog.txt,TRUE,,,,
3254_0consoleLog.txt,TRUE,,,,
3255_0consoleLog.txt,TRUE,,,,
3256_0consoleLog.txt,TRUE,,,,
3257_0consoleLog.txt,TRUE,,,,
3258_0consoleLog.txt,TRUE,,,,
3259_0consoleLog.txt,TRUE,,,,
3260_0consoleLog.txt,FALSE,,,,
3261_0consoleLog.txt,TRUE,,,,
3262_0consoleLog.txt,TRUE,,,,
3263_0consoleLog.txt,TRUE,,,,
3265_0consoleLog.txt,TRUE,,,,
3266_0consoleLog.txt,TRUE,,,,
3267_0consoleLog.txt,TRUE,,,,
3268_0consoleLog.txt,FALSE,,,,
3269_0consoleLog.txt,TRUE,,,,
3270_0consoleLog.txt,TRUE,,,,
3271_0consoleLog.txt,TRUE,,,,
3272_0consoleLog.txt,TRUE,,,,
3273_0consoleLog.txt,TRUE,,,,
3274_0consoleLog.txt,TRUE,,,,
3275_0consoleLog.txt,TRUE,,,,
3276_0consoleLog.txt,TRUE,,,,
3277_0consoleLog.txt,TRUE,,,,
3278_0consoleLog.txt,TRUE,,,,
3279_0consoleLog.txt,TRUE,,,,
3281_0consoleLog.txt,TRUE,,,,
3282_0consoleLog.txt,TRUE,,,,
3283_0consoleLog.txt,TRUE,,,,
3284_0consoleLog.txt,TRUE,,,,
3285_0consoleLog.txt,TRUE,,,,
3286_0consoleLog.txt,TRUE,,,,
3287_0consoleLog.txt,TRUE,,,,
3288_0consoleLog.txt,TRUE,,,,
3289_0consoleLog.txt,FALSE,,,,
3291_0consoleLog.txt,TRUE,,,,
3292_0consoleLog.txt,FALSE,,,,
3293_0consoleLog.txt,FALSE,,,,
3294_0consoleLog.txt,TRUE,,,,
3295_0consoleLog.txt,FALSE,,,,
3296_0consoleLog.txt,FALSE,,,,
3297_0consoleLog.txt,TRUE,,,,
3298_0consoleLog.txt,TRUE,,,,
3300_0consoleLog.txt,TRUE,,,,
3302_0consoleLog.txt,TRUE,,,,
3303_0consoleLog.txt,TRUE,,,,
3304_0consoleLog.txt,TRUE,,,,
3305_0consoleLog.txt,TRUE,,,,
3306_0consoleLog.txt,FALSE,,,,
3307_0consoleLog.txt,TRUE,,,,
3308_0consoleLog.txt,TRUE,,,,
3309_0consoleLog.txt,TRUE,,,,
3310_0consoleLog.txt,TRUE,,,,
3312_0consoleLog.txt,TRUE,,,,
3313_0consoleLog.txt,FALSE,,,,
3314_0consoleLog.txt,TRUE,,,,
3315_0consoleLog.txt,FALSE,,,,
3317_0consoleLog.txt,FALSE,,,,
3318_0consoleLog.txt,FALSE,,,,
3319_0consoleLog.txt,FALSE,,,,
3320_0consoleLog.txt,FALSE,,,,
3321_0consoleLog.txt,FALSE,,,,
3322_0consoleLog.txt,FALSE,,,,
3323_0consoleLog.txt,FALSE,,,,
3324_0consoleLog.txt,FALSE,,,,
3325_0consoleLog.txt,FALSE,,,,
3326_0consoleLog.txt,TRUE,,,,
3327_0consoleLog.txt,FALSE,,,,
3328_0consoleLog.txt,FALSE,,,,
3329_0consoleLog.txt,FALSE,,,,
3330_0consoleLog.txt,FALSE,,,,
3331_0consoleLog.txt,FALSE,,,,
3332_0consoleLog.txt,FALSE,,,,
3333_0consoleLog.txt,FALSE,,,,
3334_0consoleLog.txt,TRUE,,,,
3336_0consoleLog.txt,TRUE,,,,
3337_0consoleLog.txt,TRUE,,,,
3338_0consoleLog.txt,TRUE,,,,
3339_0consoleLog.txt,TRUE,,,,
3340_0consoleLog.txt,FALSE,,,,
3341_0consoleLog.txt,TRUE,,,,
3342_0consoleLog.txt,TRUE,,,,
3343_0consoleLog.txt,FALSE,,,,
3344_0consoleLog.txt,FALSE,,,,
3345_0consoleLog.txt,FALSE,,,,
3346_0consoleLog.txt,FALSE,,,,
3347_0consoleLog.txt,TRUE,,,,
3348_0consoleLog.txt,TRUE,,,,
3349_0consoleLog.txt,TRUE,,,,
3350_0consoleLog.txt,TRUE,,,,
3351_0consoleLog.txt,TRUE,,,,
3352_0consoleLog.txt,TRUE,,,,
3353_0consoleLog.txt,TRUE,,,,
3354_0consoleLog.txt,TRUE,,,,
3355_0consoleLog.txt,TRUE,,,,
3356_0consoleLog.txt,TRUE,,,,
3357_0consoleLog.txt,TRUE,,,,
3358_0consoleLog.txt,TRUE,,,,
3359_0consoleLog.txt,TRUE,,,,
3360_0consoleLog.txt,TRUE,,,,
3361_0consoleLog.txt,TRUE,,,,
3362_0consoleLog.txt,TRUE,,,,
3363_0consoleLog.txt,TRUE,,,,
3364_0consoleLog.txt,TRUE,,,,
3365_0consoleLog.txt,FALSE,,,,
3366_0consoleLog.txt,TRUE,,,,
3367_0consoleLog.txt,FALSE,,,,
3370_0consoleLog.txt,TRUE,,,,
3372_0consoleLog.txt,TRUE,,,,
3373_0consoleLog.txt,TRUE,,,,
3374_0consoleLog.txt,TRUE,,,,
3375_0consoleLog.txt,TRUE,,,,
3376_0consoleLog.txt,TRUE,,,,
3377_0consoleLog.txt,TRUE,,,,
3378_0consoleLog.txt,TRUE,,,,
3379_0consoleLog.txt,TRUE,,,,
3380_0consoleLog.txt,TRUE,,,,
3381_0consoleLog.txt,TRUE,,,,
3382_0consoleLog.txt,TRUE,,,,
3383_0consoleLog.txt,TRUE,,,,
3384_0consoleLog.txt,TRUE,,,,
3385_0consoleLog.txt,TRUE,,,,
3386_0consoleLog.txt,TRUE,,,,
3387_0consoleLog.txt,FALSE,,,,
3388_0consoleLog.txt,FALSE,,,,
3390_0consoleLog.txt,FALSE,,,,
3391_0consoleLog.txt,FALSE,,,,
3392_0consoleLog.txt,FALSE,,,,
3393_0consoleLog.txt,FALSE,,,,
3394_0consoleLog.txt,FALSE,,,,
3395_0consoleLog.txt,FALSE,,,,
3396_0consoleLog.txt,FALSE,,,,
3397_0consoleLog.txt,FALSE,,,,
3398_0consoleLog.txt,FALSE,,,,
3399_0consoleLog.txt,TRUE,,,,
3400_0consoleLog.txt,TRUE,,,,
3401_0consoleLog.txt,TRUE,,,,
3402_0consoleLog.txt,FALSE,,,,
3403_0consoleLog.txt,TRUE,,,,
3404_0consoleLog.txt,FALSE,,,,
3405_0consoleLog.txt,FALSE,,,,
3406_0consoleLog.txt,TRUE,,,,
3407_0consoleLog.txt,TRUE,,,,
3408_0consoleLog.txt,TRUE,,,,
3409_0consoleLog.txt,TRUE,,,,
3410_0consoleLog.txt,TRUE,,,,
3411_0consoleLog.txt,FALSE,,,,
3412_0consoleLog.txt,TRUE,,,,
3413_0consoleLog.txt,TRUE,,,,
3414_0consoleLog.txt,TRUE,,,,
3415_0consoleLog.txt,TRUE,,,,
3417_0consoleLog.txt,TRUE,,,,
3419_0consoleLog.txt,TRUE,,,,
3420_0consoleLog.txt,FALSE,,,,
3421_0consoleLog.txt,TRUE,,,,
3422_0consoleLog.txt,TRUE,,,,
3423_0consoleLog.txt,TRUE,,,,
3424_0consoleLog.txt,TRUE,,,,
3425_0consoleLog.txt,TRUE,,,,
3426_0consoleLog.txt,FALSE,,,,
3427_0consoleLog.txt,TRUE,,,,
3428_0consoleLog.txt,TRUE,,,,
3429_0consoleLog.txt,TRUE,,,,
3430_0consoleLog.txt,TRUE,,,,
3431_0consoleLog.txt,TRUE,,,,
3432_0consoleLog.txt,TRUE,,,,
3433_0consoleLog.txt,TRUE,,,,
3434_0consoleLog.txt,TRUE,,,,
3435_0consoleLog.txt,TRUE,,,,
3438_0consoleLog.txt,TRUE,,,,
3439_0consoleLog.txt,TRUE,,,,
3440_0consoleLog.txt,TRUE,,,,
3441_0consoleLog.txt,TRUE,,,,
3443_0consoleLog.txt,FALSE,,,,
3444_0consoleLog.txt,FALSE,,,,
3445_0consoleLog.txt,TRUE,,,,
3446_0consoleLog.txt,FALSE,,,,
3447_0consoleLog.txt,FALSE,,,,
3448_0consoleLog.txt,FALSE,,,,
3449_0consoleLog.txt,FALSE,,,,
3450_0consoleLog.txt,TRUE,,,,
3451_0consoleLog.txt,FALSE,,,,
3452_0consoleLog.txt,FALSE,,,,
3453_0consoleLog.txt,TRUE,,,,
3454_0consoleLog.txt,TRUE,,,,
3455_0consoleLog.txt,FALSE,,,,
3456_0consoleLog.txt,TRUE,,,,
3457_0consoleLog.txt,FALSE,,,,
3458_0consoleLog.txt,FALSE,,,,
3459_0consoleLog.txt,TRUE,,,,
3460_0consoleLog.txt,FALSE,,,,
3462_0consoleLog.txt,TRUE,,,,
3463_0consoleLog.txt,TRUE,,,,
3464_0consoleLog.txt,TRUE,,,,
3465_0consoleLog.txt,FALSE,,,,
3466_0consoleLog.txt,TRUE,,,,
3467_0consoleLog.txt,TRUE,,,,
3468_0consoleLog.txt,TRUE,,,,
3469_0consoleLog.txt,TRUE,,,,
3470_0consoleLog.txt,TRUE,,,,
3471_0consoleLog.txt,TRUE,,,,
3473_0consoleLog.txt,TRUE,,,,
3474_0consoleLog.txt,TRUE,,,,
3475_0consoleLog.txt,FALSE,,,,
3476_0consoleLog.txt,TRUE,,,,
3477_0consoleLog.txt,FALSE,,,,
3478_0consoleLog.txt,FALSE,,,,
3479_0consoleLog.txt,FALSE,,,,
3480_0consoleLog.txt,FALSE,,,,
3481_0consoleLog.txt,TRUE,,,,
3482_0consoleLog.txt,TRUE,,,,
3483_0consoleLog.txt,FALSE,,,,
3484_0consoleLog.txt,FALSE,,,,
3485_0consoleLog.txt,TRUE,,,,
3486_0consoleLog.txt,FALSE,,,,
3488_0consoleLog.txt,TRUE,,,,
3489_0consoleLog.txt,TRUE,,,,
3490_0consoleLog.txt,TRUE,,,,
3491_0consoleLog.txt,TRUE,,,,
3492_0consoleLog.txt,TRUE,,,,
3493_0consoleLog.txt,TRUE,,,,
3494_0consoleLog.txt,TRUE,,,,
3495_0consoleLog.txt,TRUE,,,,
3496_0consoleLog.txt,TRUE,,,,
3497_0consoleLog.txt,TRUE,,,,
3498_0consoleLog.txt,TRUE,,,,
3499_0consoleLog.txt,TRUE,,,,
3500_0consoleLog.txt,TRUE,,,,
3501_0consoleLog.txt,TRUE,,,,
3502_0consoleLog.txt,TRUE,,,,
3503_0consoleLog.txt,TRUE,,,,
3504_0consoleLog.txt,TRUE,,,,
3505_0consoleLog.txt,TRUE,,,,
3506_0consoleLog.txt,TRUE,,,,
3507_0consoleLog.txt,TRUE,,,,
3509_0consoleLog.txt,TRUE,,,,
3510_0consoleLog.txt,TRUE,,,,
3511_0consoleLog.txt,FALSE,,,,
3513_0consoleLog.txt,TRUE,,,,
3514_0consoleLog.txt,TRUE,,,,
3515_0consoleLog.txt,TRUE,,,,
3516_0consoleLog.txt,TRUE,,,,
3517_0consoleLog.txt,FALSE,,,,
3518_0consoleLog.txt,FALSE,,,,
3519_0consoleLog.txt,TRUE,,,,
3520_0consoleLog.txt,TRUE,,,,
3521_0consoleLog.txt,TRUE,,,,
3522_0consoleLog.txt,TRUE,,,,
3523_0consoleLog.txt,FALSE,,,,
3524_0consoleLog.txt,TRUE,,,,
3525_0consoleLog.txt,TRUE,,,,
